Gender,Caste,coaching,Class_ten_education,twelve_education,medium,Class_X_Percentage,Class_XII_Percentage,Father_occupation,Mother_occupation,time
male,General,NO,SEBA,AHSEC,ENGLISH,Excellent,Excellent,DOCTOR,OTHERS,ONE
male,OBC,WA,SEBA,AHSEC,OTHERS,Excellent,Excellent,SCHOOL_TEACHER,HOUSE_WIFE,TWO
male,OBC,OA,OTHERS,CBSE,ENGLISH,Excellent,Excellent,BUSINESS,HOUSE_WIFE,TWO
male,General,WA,SEBA,AHSEC,OTHERS,Excellent,Excellent,SCHOOL_TEACHER,SCHOOL_TEACHER,ONE
male,General,OA,SEBA,CBSE,ENGLISH,Excellent,Excellent,COLLEGE_TEACHER,HOUSE_WIFE,TWO
male,General,WA,CBSE,CBSE,ENGLISH,Excellent,Excellent,COLLEGE_TEACHER,HOUSE_WIFE,TWO
female,General,OA,CBSE,CBSE,ENGLISH,Excellent,Excellent,DOCTOR,DOCTOR,ONE
male,OBC,NO,SEBA,AHSEC,ENGLISH,Excellent,Excellent,OTHERS,HOUSE_WIFE,ONE
female,General,NO,SEBA,AHSEC,ENGLISH,Excellent,Excellent,BUSINESS,HOUSE_WIFE,ONE
female,General,OA,CBSE,CBSE,ENGLISH,Excellent,Excellent,COLLEGE_TEACHER,HOUSE_WIFE,TWO
male,General,OA,CBSE,CBSE,ENGLISH,Excellent,Excellent,BUSINESS,HOUSE_WIFE,ONE
male,General,NO,CBSE,CBSE,ENGLISH,Excellent,Excellent,DOCTOR,DOCTOR,ONE
female,General,WA,SEBA,AHSEC,ENGLISH,Excellent,Excellent,BANK_OFFICIAL,SCHOOL_TEACHER,TWO
male,General,NO,SEBA,AHSEC,ENGLISH,Excellent,Excellent,BUSINESS,HOUSE_WIFE,TWO
male,General,WA,SEBA,CBSE,ENGLISH,Excellent,Excellent,OTHERS,HOUSE_WIFE,ONE
male,General,WA,CBSE,CBSE,ENGLISH,Excellent,Excellent,OTHERS,HOUSE_WIFE,TWO
male,General,NO,CBSE,CBSE,ENGLISH,Excellent,Excellent,OTHERS,COLLEGE_TEACHER,ONE
female,General,OA,CBSE,CBSE,ENGLISH,Excellent,Excellent,ENGINEER,HOUSE_WIFE,TWO
male,General,WA,SEBA,AHSEC,ENGLISH,Excellent,Excellent,SCHOOL_TEACHER,SCHOOL_TEACHER,TWO
male,General,OA,SEBA,CBSE,ENGLISH,Excellent,Excellent,BUSINESS,SCHOOL_TEACHER,ONE
female,OBC,NO,SEBA,AHSEC,ASSAMESE,Excellent,Excellent,COLLEGE_TEACHER,COLLEGE_TEACHER,ONE
male,General,NO,SEBA,AHSEC,OTHERS,Vg,Vg,BANK_OFFICIAL,SCHOOL_TEACHER,ONE
male,General,WA,SEBA,AHSEC,ENGLISH,Excellent,Excellent,COLLEGE_TEACHER,SCHOOL_TEACHER,ONE
male,General,NO,OTHERS,CBSE,ENGLISH,Excellent,Excellent,ENGINEER,HOUSE_WIFE,ONE
male,General,OA,CBSE,CBSE,ENGLISH,Excellent,Excellent,BUSINESS,HOUSE_WIFE,TWO
female,General,WA,SEBA,AHSEC,ENGLISH,Excellent,Excellent,SCHOOL_TEACHER,OTHERS,TWO
female,General,WA,SEBA,AHSEC,ENGLISH,Excellent,Excellent,COLLEGE_TEACHER,COLLEGE_TEACHER,TWO
male,General,OA,OTHERS,OTHERS,ENGLISH,Excellent,Vg,DOCTOR,OTHERS,TWO
female,General,WA,SEBA,AHSEC,ENGLISH,Excellent,Vg,OTHERS,COLLEGE_TEACHER,TWO
female,General,NO,SEBA,AHSEC,ASSAMESE,Good,Vg,SCHOOL_TEACHER,HOUSE_WIFE,TWO
female,General,NO,CBSE,CBSE,ENGLISH,Excellent,Excellent,COLLEGE_TEACHER,SCHOOL_TEACHER,ONE
male,General,WA,SEBA,AHSEC,ENGLISH,Excellent,Excellent,ENGINEER,HOUSE_WIFE,TWO
female,General,NO,SEBA,AHSEC,ENGLISH,Excellent,Excellent,OTHERS,HOUSE_WIFE,TWO
male,General,WA,SEBA,AHSEC,ASSAMESE,Excellent,Excellent,OTHERS,HOUSE_WIFE,TWO
male,OBC,NO,CBSE,CBSE,ENGLISH,Excellent,Excellent,BUSINESS,OTHERS,ONE
female,General,OA,CBSE,AHSEC,ENGLISH,Excellent,Excellent,BUSINESS,HOUSE_WIFE,TWO
male,General,OA,CBSE,CBSE,ENGLISH,Excellent,Excellent,DOCTOR,COLLEGE_TEACHER,TWO
male,General,WA,SEBA,AHSEC,ENGLISH,Excellent,Excellent,BUSINESS,HOUSE_WIFE,TWO
male,General,NO,CBSE,CBSE,ENGLISH,Excellent,Excellent,OTHERS,HOUSE_WIFE,TWO
male,General,WA,CBSE,CBSE,ENGLISH,Excellent,Vg,ENGINEER,HOUSE_WIFE,TWO
female,General,WA,SEBA,AHSEC,ENGLISH,Excellent,Excellent,DOCTOR,COLLEGE_TEACHER,TWO
male,General,WA,SEBA,AHSEC,OTHERS,Good,Good,SCHOOL_TEACHER,SCHOOL_TEACHER,TWO
male,General,WA,CBSE,CBSE,ENGLISH,Excellent,Excellent,BANK_OFFICIAL,HOUSE_WIFE,TWO
female,General,OA,OTHERS,CBSE,ENGLISH,Excellent,Excellent,BUSINESS,HOUSE_WIFE,ONE
male,SC,OA,CBSE,CBSE,ENGLISH,Excellent,Excellent,OTHERS,HOUSE_WIFE,TWO
male,SC,WA,SEBA,AHSEC,OTHERS,Excellent,Vg,OTHERS,HOUSE_WIFE,TWO
female,General,NO,CBSE,CBSE,ENGLISH,Excellent,Excellent,COLLEGE_TEACHER,SCHOOL_TEACHER,TWO
female,General,WA,CBSE,CBSE,ENGLISH,Excellent,Excellent,OTHERS,SCHOOL_TEACHER,TWO
female,General,WA,CBSE,CBSE,ENGLISH,Excellent,Excellent,OTHERS,OTHERS,TWO
male,General,WA,CBSE,CBSE,ENGLISH,Excellent,Excellent,DOCTOR,DOCTOR,TWO
male,General,WA,CBSE,CBSE,ENGLISH,Excellent,Excellent,ENGINEER,HOUSE_WIFE,TWO
male,OBC,WA,SEBA,CBSE,ENGLISH,Excellent,Excellent,ENGINEER,HOUSE_WIFE,TWO
female,General,WA,SEBA,AHSEC,OTHERS,Vg,Vg,OTHERS,HOUSE_WIFE,THREE
female,General,WA,OTHERS,CBSE,ENGLISH,Excellent,Excellent,ENGINEER,HOUSE_WIFE,TWO
male,SC,OA,SEBA,AHSEC,ENGLISH,Good,Good,BUSINESS,HOUSE_WIFE,TWO
male,General,WA,SEBA,AHSEC,ASSAMESE,Excellent,Good,COLLEGE_TEACHER,HOUSE_WIFE,THREE
male,General,NO,CBSE,CBSE,ENGLISH,Excellent,Good,BANK_OFFICIAL,HOUSE_WIFE,TWO
male,General,OA,SEBA,AHSEC,ENGLISH,Excellent,Vg,SCHOOL_TEACHER,HOUSE_WIFE,TWO
female,General,WA,SEBA,AHSEC,ASSAMESE,Excellent,Excellent,BUSINESS,HOUSE_WIFE,TWO
male,General,WA,SEBA,AHSEC,OTHERS,Excellent,Excellent,OTHERS,HOUSE_WIFE,TWO
male,General,WA,CBSE,CBSE,ENGLISH,Excellent,Excellent,DOCTOR,SCHOOL_TEACHER,TWO
female,General,WA,CBSE,CBSE,ENGLISH,Excellent,Excellent,ENGINEER,HOUSE_WIFE,TWO
male,General,WA,SEBA,AHSEC,ENGLISH,Excellent,Excellent,ENGINEER,COLLEGE_TEACHER,TWO
female,General,WA,CBSE,CBSE,ENGLISH,Excellent,Excellent,OTHERS,OTHERS,TWO
female,General,WA,SEBA,AHSEC,ENGLISH,Excellent,Excellent,ENGINEER,HOUSE_WIFE,TWO
male,OBC,WA,SEBA,AHSEC,ASSAMESE,Average,Average,BUSINESS,OTHERS,ONE
male,General,NO,CBSE,AHSEC,ENGLISH,Excellent,Excellent,OTHERS,HOUSE_WIFE,TWO
male,OBC,NO,CBSE,CBSE,ENGLISH,Excellent,Excellent,OTHERS,HOUSE_WIFE,ONE
female,General,WA,CBSE,CBSE,ENGLISH,Excellent,Excellent,OTHERS,HOUSE_WIFE,TWO
female,General,OA,CBSE,CBSE,ENGLISH,Excellent,Excellent,OTHERS,HOUSE_WIFE,TWO
male,OBC,WA,SEBA,AHSEC,OTHERS,Good,Good,OTHERS,HOUSE_WIFE,TWO
male,General,WA,OTHERS,OTHERS,ENGLISH,Excellent,Good,OTHERS,OTHERS,ONE
male,OBC,OA,OTHERS,OTHERS,OTHERS,Vg,Vg,BUSINESS,HOUSE_WIFE,TWO
male,General,WA,SEBA,AHSEC,ASSAMESE,Vg,Good,OTHERS,SCHOOL_TEACHER,THREE
male,General,OA,CBSE,CBSE,ENGLISH,Excellent,Vg,SCHOOL_TEACHER,SCHOOL_TEACHER,TWO
male,General,WA,CBSE,CBSE,ENGLISH,Excellent,Excellent,OTHERS,COLLEGE_TEACHER,ONE
female,General,WA,SEBA,AHSEC,OTHERS,Excellent,Excellent,SCHOOL_TEACHER,HOUSE_WIFE,THREE
male,General,OA,CBSE,CBSE,ENGLISH,Excellent,Excellent,OTHERS,HOUSE_WIFE,TWO
female,General,WA,CBSE,CBSE,ENGLISH,Excellent,Excellent,DOCTOR,OTHERS,TWO
male,General,WA,SEBA,AHSEC,ENGLISH,Excellent,Excellent,OTHERS,SCHOOL_TEACHER,TWO
female,General,WA,CBSE,CBSE,ENGLISH,Excellent,Vg,OTHERS,HOUSE_WIFE,TWO
male,General,OA,SEBA,CBSE,ENGLISH,Excellent,Excellent,DOCTOR,HOUSE_WIFE,ONE
male,General,OA,CBSE,CBSE,ENGLISH,Excellent,Excellent,OTHERS,HOUSE_WIFE,TWO
male,General,WA,OTHERS,CBSE,ENGLISH,Excellent,Excellent,DOCTOR,HOUSE_WIFE,ONE
female,OBC,WA,SEBA,CBSE,ENGLISH,Excellent,Excellent,SCHOOL_TEACHER,HOUSE_WIFE,TWO
male,General,NO,SEBA,AHSEC,OTHERS,Average,Good,OTHERS,HOUSE_WIFE,ONE
male,OBC,WA,SEBA,AHSEC,ENGLISH,Excellent,Excellent,OTHERS,HOUSE_WIFE,TWO
female,OBC,WA,CBSE,CBSE,ENGLISH,Excellent,Excellent,OTHERS,HOUSE_WIFE,TWO
female,General,WA,CBSE,CBSE,ENGLISH,Excellent,Excellent,OTHERS,SCHOOL_TEACHER,ONE
male,General,OA,SEBA,CBSE,ENGLISH,Excellent,Excellent,ENGINEER,HOUSE_WIFE,TWO
male,General,WA,SEBA,AHSEC,OTHERS,Good,Excellent,CULTIVATOR,HOUSE_WIFE,TWO
male,General,OA,SEBA,CBSE,ENGLISH,Excellent,Excellent,BUSINESS,HOUSE_WIFE,TWO
male,General,WA,SEBA,CBSE,ENGLISH,Vg,Good,OTHERS,OTHERS,THREE
female,General,WA,SEBA,AHSEC,ASSAMESE,Good,Average,SCHOOL_TEACHER,SCHOOL_TEACHER,TWO
male,General,WA,SEBA,AHSEC,ENGLISH,Excellent,Excellent,ENGINEER,BANK_OFFICIAL,TWO
female,General,WA,CBSE,CBSE,ENGLISH,Excellent,Excellent,OTHERS,HOUSE_WIFE,TWO
male,General,OA,SEBA,AHSEC,ENGLISH,Excellent,Excellent,ENGINEER,HOUSE_WIFE,TWO
female,OBC,WA,SEBA,AHSEC,ENGLISH,Excellent,Excellent,OTHERS,OTHERS,TWO
male,General,NO,CBSE,CBSE,ENGLISH,Vg,Vg,OTHERS,HOUSE_WIFE,ONE
female,OBC,WA,SEBA,AHSEC,ENGLISH,Excellent,Excellent,OTHERS,COLLEGE_TEACHER,ONE
female,General,WA,SEBA,AHSEC,ENGLISH,Excellent,Excellent,COLLEGE_TEACHER,SCHOOL_TEACHER,TWO
female,General,WA,SEBA,CBSE,ENGLISH,Excellent,Excellent,DOCTOR,DOCTOR,TWO
male,General,WA,CBSE,CBSE,ENGLISH,Excellent,Excellent,OTHERS,HOUSE_WIFE,TWO
female,General,WA,SEBA,AHSEC,OTHERS,Excellent,Excellent,BANK_OFFICIAL,BANK_OFFICIAL,TWO
male,General,WA,CBSE,CBSE,ENGLISH,Excellent,Vg,BANK_OFFICIAL,HOUSE_WIFE,TWO
male,General,NO,OTHERS,CBSE,ENGLISH,Excellent,Excellent,OTHERS,COLLEGE_TEACHER,ONE
female,General,WA,CBSE,CBSE,ENGLISH,Vg,Vg,BUSINESS,HOUSE_WIFE,ONE
male,General,WA,SEBA,AHSEC,ENGLISH,Excellent,Excellent,OTHERS,HOUSE_WIFE,ONE
male,General,WA,SEBA,AHSEC,OTHERS,Vg,Excellent,BUSINESS,HOUSE_WIFE,TWO
female,General,WA,SEBA,AHSEC,ENGLISH,Excellent,Excellent,OTHERS,HOUSE_WIFE,TWO
male,General,NO,SEBA,CBSE,ENGLISH,Good,Good,OTHERS,HOUSE_WIFE,ONE
male,General,WA,SEBA,AHSEC,ENGLISH,Excellent,Vg,SCHOOL_TEACHER,HOUSE_WIFE,TWO
female,General,WA,CBSE,CBSE,ENGLISH,Excellent,Excellent,OTHERS,SCHOOL_TEACHER,ONE
male,General,WA,CBSE,CBSE,ENGLISH,Vg,Vg,COLLEGE_TEACHER,COLLEGE_TEACHER,FOUR
male,General,WA,SEBA,AHSEC,ENGLISH,Excellent,Excellent,BUSINESS,HOUSE_WIFE,THREE
female,General,WA,CBSE,CBSE,ENGLISH,Excellent,Excellent,SCHOOL_TEACHER,SCHOOL_TEACHER,TWO
female,OBC,WA,SEBA,AHSEC,ENGLISH,Vg,Vg,ENGINEER,HOUSE_WIFE,THREE
male,General,WA,CBSE,CBSE,ENGLISH,Excellent,Excellent,OTHERS,HOUSE_WIFE,THREE
male,General,WA,SEBA,AHSEC,ENGLISH,Excellent,Excellent,SCHOOL_TEACHER,HOUSE_WIFE,TWO
male,General,WA,SEBA,AHSEC,OTHERS,Excellent,Good,SCHOOL_TEACHER,HOUSE_WIFE,THREE
male,General,NO,CBSE,CBSE,ENGLISH,Excellent,Excellent,COLLEGE_TEACHER,HOUSE_WIFE,ONE
female,OBC,WA,OTHERS,CBSE,ENGLISH,Excellent,Excellent,ENGINEER,HOUSE_WIFE,TWO
female,General,NO,SEBA,AHSEC,ENGLISH,Excellent,Excellent,OTHERS,HOUSE_WIFE,ONE
female,General,WA,CBSE,CBSE,ENGLISH,Excellent,Excellent,COLLEGE_TEACHER,SCHOOL_TEACHER,TWO
female,General,WA,SEBA,AHSEC,ENGLISH,Good,Vg,COLLEGE_TEACHER,HOUSE_WIFE,TWO
female,General,WA,SEBA,AHSEC,OTHERS,Excellent,Excellent,DOCTOR,HOUSE_WIFE,TWO
female,OBC,OA,CBSE,CBSE,ENGLISH,Excellent,Excellent,BUSINESS,BUSINESS,TWO
male,OBC,WA,SEBA,AHSEC,OTHERS,Excellent,Excellent,OTHERS,OTHERS,TWO
female,General,WA,SEBA,AHSEC,OTHERS,Excellent,Excellent,COLLEGE_TEACHER,HOUSE_WIFE,TWO
male,General,NO,SEBA,AHSEC,OTHERS,Vg,Vg,CULTIVATOR,HOUSE_WIFE,THREE
female,OBC,WA,CBSE,AHSEC,ENGLISH,Excellent,Vg,SCHOOL_TEACHER,HOUSE_WIFE,THREE
male,General,WA,SEBA,AHSEC,OTHERS,Good,Vg,BUSINESS,HOUSE_WIFE,TWO
female,General,NO,SEBA,AHSEC,ENGLISH,Excellent,Excellent,DOCTOR,DOCTOR,ONE
male,SC,WA,SEBA,AHSEC,ENGLISH,Excellent,Excellent,OTHERS,HOUSE_WIFE,TWO
female,General,NO,CBSE,CBSE,ENGLISH,Excellent,Excellent,OTHERS,HOUSE_WIFE,TWO
female,General,WA,SEBA,AHSEC,ASSAMESE,Excellent,Excellent,SCHOOL_TEACHER,HOUSE_WIFE,TWO
male,General,WA,SEBA,AHSEC,OTHERS,Excellent,Excellent,SCHOOL_TEACHER,HOUSE_WIFE,TWO
male,General,NO,CBSE,CBSE,ENGLISH,Excellent,Excellent,OTHERS,SCHOOL_TEACHER,ONE
female,OBC,NO,CBSE,CBSE,ENGLISH,Excellent,Excellent,OTHERS,HOUSE_WIFE,TWO
female,General,WA,CBSE,AHSEC,ENGLISH,Excellent,Excellent,OTHERS,HOUSE_WIFE,TWO
male,General,WA,SEBA,AHSEC,ENGLISH,Excellent,Vg,BUSINESS,HOUSE_WIFE,TWO
male,OBC,WA,CBSE,CBSE,ENGLISH,Excellent,Excellent,OTHERS,HOUSE_WIFE,ONE
male,OBC,NO,CBSE,CBSE,ENGLISH,Excellent,Excellent,OTHERS,COLLEGE_TEACHER,ONE
male,OBC,WA,SEBA,AHSEC,OTHERS,Excellent,Excellent,SCHOOL_TEACHER,HOUSE_WIFE,ONE
female,General,WA,SEBA,AHSEC,ENGLISH,Excellent,Excellent,SCHOOL_TEACHER,SCHOOL_TEACHER,TWO
female,General,WA,SEBA,AHSEC,ENGLISH,Excellent,Excellent,OTHERS,COLLEGE_TEACHER,TWO
male,OBC,NO,CBSE,CBSE,ENGLISH,Excellent,Excellent,BUSINESS,HOUSE_WIFE,ONE
male,General,WA,CBSE,CBSE,ENGLISH,Vg,Vg,OTHERS,HOUSE_WIFE,THREE
male,General,WA,CBSE,CBSE,ENGLISH,Excellent,Excellent,SCHOOL_TEACHER,HOUSE_WIFE,TWO
female,General,WA,SEBA,AHSEC,ENGLISH,Excellent,Excellent,OTHERS,HOUSE_WIFE,ONE
female,General,WA,CBSE,CBSE,ENGLISH,Excellent,Excellent,COLLEGE_TEACHER,COLLEGE_TEACHER,ONE
male,General,WA,CBSE,CBSE,ENGLISH,Vg,Good,SCHOOL_TEACHER,HOUSE_WIFE,THREE
female,General,NO,CBSE,CBSE,ENGLISH,Excellent,Excellent,OTHERS,HOUSE_WIFE,ONE
female,General,OA,CBSE,CBSE,ENGLISH,Excellent,Good,OTHERS,HOUSE_WIFE,THREE
male,General,WA,SEBA,AHSEC,ASSAMESE,Excellent,Vg,COLLEGE_TEACHER,SCHOOL_TEACHER,TWO
female,General,WA,OTHERS,CBSE,ENGLISH,Excellent,Excellent,DOCTOR,DOCTOR,ONE
male,General,OA,OTHERS,OTHERS,ENGLISH,Vg,Excellent,COLLEGE_TEACHER,SCHOOL_TEACHER,ONE
female,General,NO,SEBA,AHSEC,ENGLISH,Excellent,Excellent,OTHERS,HOUSE_WIFE,ONE
female,OBC,WA,SEBA,AHSEC,ENGLISH,Excellent,Excellent,DOCTOR,OTHERS,TWO
female,OBC,OA,CBSE,CBSE,ENGLISH,Excellent,Excellent,OTHERS,HOUSE_WIFE,TWO
female,General,WA,CBSE,CBSE,ENGLISH,Excellent,Excellent,ENGINEER,HOUSE_WIFE,ONE
female,SC,WA,CBSE,CBSE,ENGLISH,Excellent,Excellent,ENGINEER,HOUSE_WIFE,TWO
male,General,WA,SEBA,CBSE,ENGLISH,Good,Good,SCHOOL_TEACHER,HOUSE_WIFE,TWO
male,General,NO,SEBA,AHSEC,ENGLISH,Excellent,Excellent,OTHERS,HOUSE_WIFE,ONE
male,OBC,WA,SEBA,AHSEC,ENGLISH,Excellent,Excellent,OTHERS,HOUSE_WIFE,TWO
male,General,WA,SEBA,AHSEC,ENGLISH,Excellent,Vg,BUSINESS,SCHOOL_TEACHER,THREE
female,General,WA,SEBA,AHSEC,OTHERS,Excellent,Good,OTHERS,SCHOOL_TEACHER,TWO
male,SC,NO,SEBA,AHSEC,ENGLISH,Excellent,Excellent,BUSINESS,SCHOOL_TEACHER,ONE
female,OBC,WA,SEBA,AHSEC,ENGLISH,Excellent,Excellent,OTHERS,HOUSE_WIFE,TWO
female,OBC,WA,SEBA,AHSEC,ENGLISH,Excellent,Excellent,OTHERS,HOUSE_WIFE,TWO
female,General,NO,SEBA,AHSEC,ENGLISH,Excellent,Vg,OTHERS,HOUSE_WIFE,THREE
male,OBC,NO,CBSE,AHSEC,ENGLISH,Excellent,Excellent,SCHOOL_TEACHER,HOUSE_WIFE,ONE
male,General,OA,CBSE,CBSE,ENGLISH,Excellent,Excellent,OTHERS,SCHOOL_TEACHER,TWO
male,OBC,WA,SEBA,AHSEC,OTHERS,Excellent,Vg,BUSINESS,HOUSE_WIFE,TWO
male,General,NO,SEBA,AHSEC,OTHERS,Excellent,Excellent,SCHOOL_TEACHER,HOUSE_WIFE,ONE
male,General,NO,CBSE,AHSEC,ENGLISH,Excellent,Excellent,ENGINEER,HOUSE_WIFE,ONE
male,SC,WA,CBSE,CBSE,ENGLISH,Excellent,Vg,SCHOOL_TEACHER,HOUSE_WIFE,TWO
male,OBC,WA,SEBA,AHSEC,ENGLISH,Excellent,Excellent,SCHOOL_TEACHER,HOUSE_WIFE,THREE
female,General,WA,CBSE,CBSE,ENGLISH,Excellent,Excellent,ENGINEER,COLLEGE_TEACHER,TWO
male,General,OA,CBSE,CBSE,ENGLISH,Excellent,Excellent,BUSINESS,HOUSE_WIFE,TWO
female,General,WA,SEBA,AHSEC,OTHERS,Excellent,Excellent,SCHOOL_TEACHER,HOUSE_WIFE,TWO
female,General,WA,CBSE,CBSE,ENGLISH,Excellent,Excellent,ENGINEER,HOUSE_WIFE,TWO
female,OBC,WA,SEBA,AHSEC,ENGLISH,Vg,Vg,COLLEGE_TEACHER,HOUSE_WIFE,TWO
female,General,WA,SEBA,AHSEC,ASSAMESE,Excellent,Excellent,OTHERS,HOUSE_WIFE,TWO
female,General,WA,SEBA,AHSEC,ENGLISH,Excellent,Excellent,BUSINESS,HOUSE_WIFE,ONE
male,General,WA,SEBA,AHSEC,ENGLISH,Excellent,Excellent,CULTIVATOR,HOUSE_WIFE,TWO
female,OBC,WA,CBSE,CBSE,ENGLISH,Excellent,Excellent,OTHERS,OTHERS,TWO
female,General,WA,CBSE,CBSE,ENGLISH,Excellent,Excellent,DOCTOR,DOCTOR,TWO
female,General,WA,SEBA,AHSEC,OTHERS,Vg,Vg,OTHERS,HOUSE_WIFE,THREE
female,OBC,OA,SEBA,AHSEC,ENGLISH,Good,Vg,OTHERS,HOUSE_WIFE,THREE
female,General,WA,SEBA,AHSEC,ENGLISH,Excellent,Excellent,OTHERS,HOUSE_WIFE,TWO
male,General,WA,CBSE,CBSE,ENGLISH,Excellent,Excellent,OTHERS,HOUSE_WIFE,TWO
male,OBC,WA,SEBA,AHSEC,ENGLISH,Excellent,Vg,OTHERS,HOUSE_WIFE,TWO
male,OBC,NO,SEBA,AHSEC,OTHERS,Vg,Vg,BUSINESS,HOUSE_WIFE,FOUR
male,OBC,WA,CBSE,CBSE,ENGLISH,Excellent,Excellent,DOCTOR,HOUSE_WIFE,ONE
female,General,WA,SEBA,AHSEC,OTHERS,Excellent,Excellent,SCHOOL_TEACHER,HOUSE_WIFE,TWO
male,General,WA,CBSE,CBSE,ENGLISH,Excellent,Excellent,OTHERS,SCHOOL_TEACHER,ONE
female,General,WA,SEBA,AHSEC,ENGLISH,Excellent,Vg,BUSINESS,SCHOOL_TEACHER,TWO
male,OBC,OA,SEBA,CBSE,ENGLISH,Vg,Excellent,BUSINESS,HOUSE_WIFE,TWO
female,General,WA,SEBA,AHSEC,ENGLISH,Vg,Vg,OTHERS,HOUSE_WIFE,TWO
male,General,WA,SEBA,AHSEC,ENGLISH,Excellent,Excellent,BUSINESS,HOUSE_WIFE,TWO
male,General,WA,CBSE,CBSE,ENGLISH,Excellent,Excellent,OTHERS,OTHERS,TWO
female,General,NO,SEBA,AHSEC,ENGLISH,Excellent,Excellent,OTHERS,OTHERS,ONE
male,General,NO,SEBA,AHSEC,ENGLISH,Excellent,Excellent,ENGINEER,SCHOOL_TEACHER,ONE
female,OBC,WA,SEBA,AHSEC,ENGLISH,Excellent,Excellent,SCHOOL_TEACHER,OTHERS,THREE
male,General,WA,CBSE,CBSE,ENGLISH,Excellent,Excellent,OTHERS,HOUSE_WIFE,TWO
female,General,WA,SEBA,CBSE,ENGLISH,Excellent,Excellent,BUSINESS,HOUSE_WIFE,TWO
female,General,WA,CBSE,CBSE,ENGLISH,Excellent,Excellent,COLLEGE_TEACHER,HOUSE_WIFE,TWO
male,General,WA,CBSE,CBSE,ENGLISH,Excellent,Excellent,BUSINESS,HOUSE_WIFE,ONE
male,General,WA,SEBA,AHSEC,ENGLISH,Excellent,Excellent,DOCTOR,HOUSE_WIFE,ONE
male,General,WA,CBSE,CBSE,ENGLISH,Excellent,Excellent,OTHERS,OTHERS,TWO
female,General,WA,SEBA,AHSEC,ENGLISH,Vg,Vg,OTHERS,HOUSE_WIFE,TWO
female,OBC,WA,CBSE,CBSE,ENGLISH,Excellent,Excellent,OTHERS,OTHERS,TWO
male,General,WA,CBSE,CBSE,ENGLISH,Excellent,Excellent,OTHERS,HOUSE_WIFE,TWO
female,SC,OA,SEBA,CBSE,ENGLISH,Excellent,Vg,OTHERS,BANK_OFFICIAL,TWO
male,General,WA,CBSE,CBSE,ENGLISH,Excellent,Excellent,BANK_OFFICIAL,HOUSE_WIFE,TWO
female,General,WA,CBSE,CBSE,ENGLISH,Excellent,Vg,BANK_OFFICIAL,BANK_OFFICIAL,FOUR
male,General,WA,CBSE,CBSE,ENGLISH,Excellent,Excellent,BUSINESS,OTHERS,TWO
female,ST,WA,SEBA,AHSEC,ENGLISH,Excellent,Excellent,OTHERS,HOUSE_WIFE,TWO
female,General,WA,SEBA,AHSEC,ENGLISH,Excellent,Excellent,BANK_OFFICIAL,HOUSE_WIFE,ONE
male,General,WA,SEBA,AHSEC,OTHERS,Vg,Vg,OTHERS,HOUSE_WIFE,THREE
female,General,OA,CBSE,CBSE,ENGLISH,Excellent,Excellent,OTHERS,SCHOOL_TEACHER,TWO
male,OBC,WA,CBSE,CBSE,ENGLISH,Excellent,Excellent,OTHERS,HOUSE_WIFE,TWO
male,General,WA,SEBA,AHSEC,OTHERS,Excellent,Vg,SCHOOL_TEACHER,HOUSE_WIFE,TWO
female,General,WA,SEBA,AHSEC,ENGLISH,Excellent,Excellent,OTHERS,COLLEGE_TEACHER,TWO
male,General,WA,CBSE,CBSE,ENGLISH,Excellent,Excellent,OTHERS,HOUSE_WIFE,ONE
female,General,WA,CBSE,CBSE,ENGLISH,Excellent,Excellent,OTHERS,HOUSE_WIFE,ONE
male,General,NO,SEBA,AHSEC,ENGLISH,Excellent,Excellent,BUSINESS,HOUSE_WIFE,ONE
male,General,WA,CBSE,CBSE,ENGLISH,Excellent,Excellent,ENGINEER,HOUSE_WIFE,TWO
male,OBC,NO,SEBA,AHSEC,ENGLISH,Excellent,Excellent,COLLEGE_TEACHER,SCHOOL_TEACHER,ONE
female,General,WA,CBSE,CBSE,ENGLISH,Excellent,Excellent,SCHOOL_TEACHER,SCHOOL_TEACHER,THREE
female,SC,WA,SEBA,AHSEC,ASSAMESE,Excellent,Vg,OTHERS,OTHERS,TWO
male,OBC,WA,SEBA,AHSEC,OTHERS,Vg,Vg,CULTIVATOR,CULTIVATOR,THREE
male,General,WA,SEBA,AHSEC,OTHERS,Excellent,Excellent,OTHERS,HOUSE_WIFE,TWO
male,OBC,WA,SEBA,AHSEC,ENGLISH,Excellent,Excellent,SCHOOL_TEACHER,SCHOOL_TEACHER,TWO
female,General,WA,SEBA,AHSEC,ENGLISH,Excellent,Excellent,OTHERS,HOUSE_WIFE,TWO
male,OBC,WA,SEBA,AHSEC,OTHERS,Vg,Excellent,SCHOOL_TEACHER,SCHOOL_TEACHER,THREE
male,OBC,WA,SEBA,AHSEC,OTHERS,Excellent,Excellent,CULTIVATOR,SCHOOL_TEACHER,TWO
female,General,WA,CBSE,CBSE,ENGLISH,Excellent,Excellent,BUSINESS,BUSINESS,ONE
male,General,WA,SEBA,AHSEC,ENGLISH,Excellent,Excellent,BUSINESS,HOUSE_WIFE,TWO
male,General,WA,SEBA,AHSEC,ASSAMESE,Good,Good,SCHOOL_TEACHER,HOUSE_WIFE,THREE
female,SC,WA,SEBA,AHSEC,ENGLISH,Excellent,Excellent,BANK_OFFICIAL,SCHOOL_TEACHER,TWO
male,ST,NO,SEBA,AHSEC,ENGLISH,Average,Average,OTHERS,HOUSE_WIFE,TWO
female,General,WA,SEBA,CBSE,ENGLISH,Excellent,Excellent,BUSINESS,HOUSE_WIFE,THREE
female,General,NO,SEBA,AHSEC,ENGLISH,Vg,Excellent,DOCTOR,SCHOOL_TEACHER,ONE
female,SC,WA,CBSE,CBSE,ENGLISH,Excellent,Excellent,OTHERS,HOUSE_WIFE,ONE
female,General,WA,CBSE,CBSE,ENGLISH,Excellent,Excellent,OTHERS,HOUSE_WIFE,ONE
female,General,NO,SEBA,AHSEC,ENGLISH,Excellent,Excellent,ENGINEER,ENGINEER,ONE
male,OBC,WA,CBSE,CBSE,ENGLISH,Excellent,Vg,OTHERS,OTHERS,TWO
male,OBC,NO,CBSE,CBSE,ENGLISH,Excellent,Vg,OTHERS,HOUSE_WIFE,FOUR
female,General,WA,SEBA,AHSEC,ENGLISH,Excellent,Excellent,OTHERS,HOUSE_WIFE,TWO
female,OBC,OA,CBSE,CBSE,ENGLISH,Excellent,Excellent,OTHERS,HOUSE_WIFE,ONE
female,OBC,WA,SEBA,AHSEC,ENGLISH,Excellent,Excellent,SCHOOL_TEACHER,SCHOOL_TEACHER,ONE
male,OBC,NO,CBSE,CBSE,ENGLISH,Excellent,Excellent,DOCTOR,OTHERS,ONE
female,General,NO,SEBA,AHSEC,ENGLISH,Excellent,Excellent,ENGINEER,COLLEGE_TEACHER,ONE
male,OBC,WA,SEBA,AHSEC,ENGLISH,Vg,Vg,OTHERS,HOUSE_WIFE,THREE
female,General,NO,SEBA,AHSEC,OTHERS,Excellent,Excellent,DOCTOR,DOCTOR,ONE
male,OBC,WA,CBSE,CBSE,ENGLISH,Excellent,Vg,OTHERS,HOUSE_WIFE,TWO
female,OBC,NO,CBSE,CBSE,ENGLISH,Excellent,Excellent,DOCTOR,HOUSE_WIFE,THREE
female,General,WA,SEBA,AHSEC,ENGLISH,Excellent,Vg,BUSINESS,HOUSE_WIFE,TWO
male,General,WA,SEBA,AHSEC,ASSAMESE,Excellent,Vg,OTHERS,HOUSE_WIFE,TWO
male,General,WA,SEBA,AHSEC,ENGLISH,Good,Good,BUSINESS,HOUSE_WIFE,TWO
female,SC,NO,CBSE,CBSE,ENGLISH,Excellent,Excellent,ENGINEER,OTHERS,TWO
female,SC,NO,CBSE,CBSE,ENGLISH,Excellent,Excellent,BANK_OFFICIAL,HOUSE_WIFE,ONE
male,General,WA,SEBA,AHSEC,OTHERS,Excellent,Vg,OTHERS,HOUSE_WIFE,TWO
female,General,WA,SEBA,AHSEC,ASSAMESE,Excellent,Excellent,SCHOOL_TEACHER,SCHOOL_TEACHER,TWO
female,OBC,NO,SEBA,AHSEC,ENGLISH,Excellent,Excellent,OTHERS,HOUSE_WIFE,TWO
male,OBC,WA,SEBA,AHSEC,ENGLISH,Excellent,Excellent,OTHERS,HOUSE_WIFE,ONE
female,OBC,WA,SEBA,AHSEC,ENGLISH,Vg,Excellent,OTHERS,HOUSE_WIFE,TWO
male,General,NO,CBSE,AHSEC,ENGLISH,Excellent,Excellent,SCHOOL_TEACHER,SCHOOL_TEACHER,ONE
female,General,WA,SEBA,AHSEC,ENGLISH,Excellent,Vg,OTHERS,HOUSE_WIFE,TWO
male,General,WA,SEBA,AHSEC,ENGLISH,Excellent,Vg,ENGINEER,HOUSE_WIFE,TWO
male,OBC,OA,CBSE,CBSE,ENGLISH,Excellent,Excellent,ENGINEER,ENGINEER,ONE
female,General,WA,SEBA,AHSEC,ENGLISH,Vg,Vg,BUSINESS,HOUSE_WIFE,TWO
female,General,WA,CBSE,CBSE,ENGLISH,Excellent,Excellent,OTHERS,OTHERS,TWO
female,General,WA,CBSE,CBSE,ENGLISH,Excellent,Excellent,DOCTOR,DOCTOR,ONE
female,General,WA,CBSE,CBSE,ENGLISH,Excellent,Excellent,OTHERS,HOUSE_WIFE,ONE
male,OBC,OA,CBSE,CBSE,ENGLISH,Excellent,Good,OTHERS,HOUSE_WIFE,TWO
male,General,WA,CBSE,CBSE,ENGLISH,Excellent,Excellent,OTHERS,HOUSE_WIFE,ONE
male,General,WA,SEBA,AHSEC,OTHERS,Excellent,Vg,SCHOOL_TEACHER,HOUSE_WIFE,THREE
female,General,WA,OTHERS,AHSEC,ENGLISH,Excellent,Vg,COLLEGE_TEACHER,HOUSE_WIFE,TWO
male,General,WA,SEBA,AHSEC,OTHERS,Vg,Vg,CULTIVATOR,HOUSE_WIFE,THREE
female,General,WA,SEBA,AHSEC,ENGLISH,Excellent,Excellent,COLLEGE_TEACHER,SCHOOL_TEACHER,THREE
female,General,WA,CBSE,CBSE,ENGLISH,Excellent,Excellent,COLLEGE_TEACHER,ENGINEER,TWO
male,General,WA,CBSE,CBSE,ENGLISH,Excellent,Vg,BANK_OFFICIAL,HOUSE_WIFE,TWO
male,General,OA,CBSE,CBSE,ENGLISH,Excellent,Vg,OTHERS,HOUSE_WIFE,TWO
male,General,WA,CBSE,CBSE,ENGLISH,Excellent,Vg,OTHERS,HOUSE_WIFE,THREE
male,General,WA,CBSE,CBSE,ENGLISH,Excellent,Excellent,BANK_OFFICIAL,HOUSE_WIFE,TWO
male,General,WA,CBSE,CBSE,ENGLISH,Excellent,Vg,BUSINESS,HOUSE_WIFE,TWO
male,General,WA,CBSE,AHSEC,ENGLISH,Excellent,Excellent,BUSINESS,HOUSE_WIFE,TWO
female,OBC,WA,SEBA,AHSEC,ENGLISH,Excellent,Excellent,BUSINESS,SCHOOL_TEACHER,TWO
female,OBC,NO,CBSE,CBSE,ENGLISH,Vg,Good,BUSINESS,SCHOOL_TEACHER,ONE
female,General,WA,CBSE,CBSE,ENGLISH,Excellent,Vg,OTHERS,SCHOOL_TEACHER,TWO
male,General,WA,SEBA,AHSEC,OTHERS,Excellent,Vg,OTHERS,HOUSE_WIFE,TWO
male,SC,WA,SEBA,AHSEC,ENGLISH,Vg,Excellent,OTHERS,HOUSE_WIFE,ONE
male,SC,WA,OTHERS,AHSEC,ENGLISH,Excellent,Excellent,ENGINEER,HOUSE_WIFE,ONE
male,General,WA,SEBA,AHSEC,ENGLISH,Vg,Excellent,ENGINEER,HOUSE_WIFE,THREE
female,OBC,NO,CBSE,AHSEC,ENGLISH,Excellent,Excellent,OTHERS,HOUSE_WIFE,ONE
male,General,WA,SEBA,AHSEC,ENGLISH,Vg,Excellent,OTHERS,HOUSE_WIFE,ONE
female,OBC,WA,SEBA,AHSEC,ENGLISH,Excellent,Excellent,OTHERS,HOUSE_WIFE,TWO
female,General,WA,SEBA,AHSEC,ASSAMESE,Excellent,Vg,SCHOOL_TEACHER,HOUSE_WIFE,THREE
male,SC,OA,SEBA,CBSE,OTHERS,Vg,Good,OTHERS,HOUSE_WIFE,TWO
male,General,NO,SEBA,AHSEC,OTHERS,Excellent,Excellent,SCHOOL_TEACHER,SCHOOL_TEACHER,ONE
male,General,WA,SEBA,AHSEC,ASSAMESE,Vg,Vg,SCHOOL_TEACHER,SCHOOL_TEACHER,THREE
female,General,NO,CBSE,CBSE,ENGLISH,Excellent,Excellent,OTHERS,HOUSE_WIFE,ONE
male,General,NO,SEBA,AHSEC,OTHERS,Excellent,Excellent,OTHERS,HOUSE_WIFE,TWO
male,SC,OA,CBSE,CBSE,ENGLISH,Excellent,Excellent,OTHERS,OTHERS,TWO
female,OBC,WA,CBSE,CBSE,ENGLISH,Excellent,Excellent,OTHERS,HOUSE_WIFE,ONE
female,General,WA,OTHERS,CBSE,ENGLISH,Excellent,Excellent,ENGINEER,DOCTOR,ONE
male,OBC,WA,SEBA,AHSEC,ENGLISH,Excellent,Excellent,OTHERS,HOUSE_WIFE,ONE
male,General,WA,SEBA,AHSEC,OTHERS,Average,Good,SCHOOL_TEACHER,HOUSE_WIFE,TWO
male,OBC,WA,CBSE,CBSE,ENGLISH,Excellent,Excellent,SCHOOL_TEACHER,HOUSE_WIFE,TWO
female,General,WA,SEBA,CBSE,ENGLISH,Excellent,Vg,BANK_OFFICIAL,HOUSE_WIFE,TWO
male,General,WA,SEBA,AHSEC,ASSAMESE,Excellent,Excellent,SCHOOL_TEACHER,SCHOOL_TEACHER,TWO
female,OBC,WA,SEBA,AHSEC,ENGLISH,Excellent,Excellent,OTHERS,SCHOOL_TEACHER,TWO
female,General,WA,CBSE,CBSE,ENGLISH,Excellent,Vg,BUSINESS,HOUSE_WIFE,THREE
male,OBC,OA,SEBA,OTHERS,ENGLISH,Vg,Average,COLLEGE_TEACHER,HOUSE_WIFE,FOUR
female,OBC,WA,SEBA,AHSEC,ENGLISH,Excellent,Excellent,OTHERS,HOUSE_WIFE,TWO
male,General,OA,SEBA,CBSE,ENGLISH,Excellent,Excellent,OTHERS,HOUSE_WIFE,TWO
female,General,WA,SEBA,CBSE,ENGLISH,Excellent,Excellent,BANK_OFFICIAL,HOUSE_WIFE,TWO
female,General,WA,SEBA,AHSEC,ENGLISH,Excellent,Excellent,SCHOOL_TEACHER,SCHOOL_TEACHER,TWO
female,General,WA,CBSE,CBSE,ENGLISH,Excellent,Excellent,BUSINESS,HOUSE_WIFE,TWO
male,General,WA,SEBA,AHSEC,ENGLISH,Good,Vg,BUSINESS,HOUSE_WIFE,THREE
male,OBC,WA,SEBA,AHSEC,ENGLISH,Excellent,Vg,SCHOOL_TEACHER,HOUSE_WIFE,TWO
male,General,NO,SEBA,AHSEC,ENGLISH,Excellent,Excellent,ENGINEER,COLLEGE_TEACHER,TWO
male,General,NO,CBSE,CBSE,ENGLISH,Excellent,Vg,SCHOOL_TEACHER,HOUSE_WIFE,TWO
male,General,NO,SEBA,AHSEC,ENGLISH,Vg,Vg,OTHERS,HOUSE_WIFE,ONE
female,General,WA,SEBA,CBSE,ENGLISH,Good,Vg,BUSINESS,HOUSE_WIFE,TWO
male,General,NO,CBSE,CBSE,ENGLISH,Excellent,Excellent,OTHERS,HOUSE_WIFE,ONE
male,SC,WA,CBSE,CBSE,ENGLISH,Excellent,Excellent,OTHERS,HOUSE_WIFE,THREE
male,General,OA,CBSE,CBSE,ENGLISH,Excellent,Excellent,ENGINEER,HOUSE_WIFE,ONE
female,General,WA,SEBA,AHSEC,ENGLISH,Excellent,Excellent,BANK_OFFICIAL,OTHERS,ONE
female,General,WA,CBSE,CBSE,ENGLISH,Excellent,Excellent,COLLEGE_TEACHER,SCHOOL_TEACHER,TWO
female,General,WA,SEBA,AHSEC,ASSAMESE,Excellent,Excellent,SCHOOL_TEACHER,SCHOOL_TEACHER,TWO
male,General,WA,SEBA,AHSEC,OTHERS,Vg,Vg,SCHOOL_TEACHER,SCHOOL_TEACHER,THREE
female,OBC,WA,SEBA,AHSEC,ENGLISH,Vg,Vg,OTHERS,HOUSE_WIFE,ONE
female,General,OA,CBSE,CBSE,ENGLISH,Excellent,Vg,ENGINEER,HOUSE_WIFE,TWO
male,OBC,NO,SEBA,AHSEC,ENGLISH,Good,Good,OTHERS,OTHERS,TWO
female,General,WA,SEBA,CBSE,ENGLISH,Excellent,Good,OTHERS,HOUSE_WIFE,TWO
male,General,WA,SEBA,CBSE,ENGLISH,Excellent,Vg,OTHERS,HOUSE_WIFE,TWO
female,OBC,OA,CBSE,CBSE,ENGLISH,Vg,Vg,BUSINESS,HOUSE_WIFE,THREE
female,General,NO,SEBA,AHSEC,ENGLISH,Excellent,Excellent,DOCTOR,DOCTOR,ONE
female,General,NO,SEBA,AHSEC,ENGLISH,Excellent,Excellent,ENGINEER,HOUSE_WIFE,ONE
male,General,NO,CBSE,AHSEC,ENGLISH,Excellent,Excellent,OTHERS,SCHOOL_TEACHER,ONE
male,General,WA,SEBA,AHSEC,ASSAMESE,Excellent,Vg,OTHERS,HOUSE_WIFE,TWO
male,OBC,OA,CBSE,CBSE,ENGLISH,Vg,Vg,DOCTOR,HOUSE_WIFE,TWO
male,General,WA,SEBA,AHSEC,ENGLISH,Excellent,Excellent,OTHERS,HOUSE_WIFE,THREE
male,OBC,NO,SEBA,AHSEC,OTHERS,Good,Average,SCHOOL_TEACHER,HOUSE_WIFE,FIVE
male,General,WA,CBSE,CBSE,ENGLISH,Excellent,Vg,OTHERS,HOUSE_WIFE,TWO
male,OBC,OA,CBSE,CBSE,ENGLISH,Excellent,Excellent,BUSINESS,OTHERS,TWO
male,OBC,NO,CBSE,CBSE,ENGLISH,Excellent,Excellent,OTHERS,HOUSE_WIFE,ONE
female,OBC,WA,CBSE,CBSE,ENGLISH,Excellent,Good,OTHERS,HOUSE_WIFE,SEVEN
male,SC,WA,SEBA,AHSEC,ENGLISH,Excellent,Excellent,DOCTOR,HOUSE_WIFE,TWO
female,SC,WA,CBSE,CBSE,ENGLISH,Excellent,Excellent,OTHERS,HOUSE_WIFE,TWO
female,OBC,WA,SEBA,AHSEC,ENGLISH,Vg,Excellent,DOCTOR,HOUSE_WIFE,ONE
female,OBC,WA,SEBA,AHSEC,OTHERS,Excellent,Excellent,BUSINESS,HOUSE_WIFE,ONE
male,General,WA,CBSE,CBSE,ENGLISH,Excellent,Vg,OTHERS,OTHERS,TWO
female,OBC,WA,SEBA,AHSEC,ENGLISH,Excellent,Excellent,OTHERS,OTHERS,THREE
male,OBC,WA,SEBA,AHSEC,ASSAMESE,Excellent,Vg,SCHOOL_TEACHER,HOUSE_WIFE,TWO
female,General,WA,SEBA,AHSEC,ENGLISH,Excellent,Excellent,DOCTOR,HOUSE_WIFE,TWO
female,General,OA,CBSE,CBSE,ENGLISH,Excellent,Excellent,SCHOOL_TEACHER,SCHOOL_TEACHER,ONE
female,General,NO,SEBA,AHSEC,ENGLISH,Excellent,Excellent,SCHOOL_TEACHER,SCHOOL_TEACHER,ONE
female,OBC,NO,SEBA,AHSEC,ENGLISH,Excellent,Vg,BUSINESS,HOUSE_WIFE,TWO
female,General,NO,CBSE,CBSE,ENGLISH,Excellent,Excellent,DOCTOR,HOUSE_WIFE,ONE
male,General,WA,SEBA,AHSEC,OTHERS,Vg,Good,SCHOOL_TEACHER,HOUSE_WIFE,THREE
female,OBC,WA,CBSE,CBSE,ENGLISH,Excellent,Excellent,SCHOOL_TEACHER,OTHERS,TWO
male,General,WA,SEBA,AHSEC,ENGLISH,Excellent,Excellent,OTHERS,HOUSE_WIFE,TWO
male,General,WA,CBSE,CBSE,ENGLISH,Excellent,Vg,OTHERS,HOUSE_WIFE,ONE
female,OBC,WA,CBSE,CBSE,ENGLISH,Excellent,Excellent,OTHERS,OTHERS,ONE
male,General,WA,CBSE,CBSE,ENGLISH,Excellent,Excellent,BUSINESS,HOUSE_WIFE,TWO
male,General,WA,SEBA,AHSEC,ENGLISH,Excellent,Excellent,DOCTOR,HOUSE_WIFE,ONE
male,General,WA,SEBA,AHSEC,ENGLISH,Excellent,Excellent,SCHOOL_TEACHER,HOUSE_WIFE,ONE
female,OBC,WA,CBSE,CBSE,ENGLISH,Excellent,Vg,OTHERS,HOUSE_WIFE,TWO
female,OBC,WA,CBSE,CBSE,ENGLISH,Excellent,Excellent,OTHERS,OTHERS,ONE
female,OBC,WA,SEBA,AHSEC,ENGLISH,Excellent,Excellent,OTHERS,SCHOOL_TEACHER,TWO
female,OBC,WA,SEBA,AHSEC,OTHERS,Good,Good,BUSINESS,HOUSE_WIFE,THREE
male,General,WA,CBSE,CBSE,ENGLISH,Excellent,Excellent,OTHERS,HOUSE_WIFE,TWO
female,OBC,WA,SEBA,AHSEC,ENGLISH,Vg,Good,BUSINESS,HOUSE_WIFE,FOUR
female,OBC,OA,SEBA,AHSEC,ENGLISH,Excellent,Excellent,SCHOOL_TEACHER,SCHOOL_TEACHER,TWO
female,OBC,WA,CBSE,CBSE,ENGLISH,Excellent,Excellent,DOCTOR,OTHERS,TWO
male,General,WA,SEBA,AHSEC,OTHERS,Excellent,Excellent,OTHERS,SCHOOL_TEACHER,TWO
male,General,WA,SEBA,AHSEC,OTHERS,Excellent,Vg,OTHERS,OTHERS,TWO
female,General,NO,SEBA,AHSEC,ENGLISH,Excellent,Excellent,SCHOOL_TEACHER,SCHOOL_TEACHER,ONE
female,OBC,NO,SEBA,AHSEC,ENGLISH,Excellent,Excellent,OTHERS,HOUSE_WIFE,ONE
male,General,WA,SEBA,AHSEC,ENGLISH,Excellent,Excellent,SCHOOL_TEACHER,SCHOOL_TEACHER,ONE
male,OBC,OA,SEBA,AHSEC,ENGLISH,Excellent,Excellent,DOCTOR,HOUSE_WIFE,TWO
male,OBC,NO,SEBA,AHSEC,ENGLISH,Excellent,Vg,OTHERS,HOUSE_WIFE,THREE
female,General,WA,SEBA,AHSEC,ASSAMESE,Excellent,Vg,DOCTOR,OTHERS,THREE
female,General,WA,SEBA,CBSE,ENGLISH,Excellent,Excellent,BUSINESS,HOUSE_WIFE,ONE
male,General,NO,SEBA,AHSEC,OTHERS,Excellent,Excellent,CULTIVATOR,HOUSE_WIFE,ONE
female,General,WA,CBSE,CBSE,ENGLISH,Excellent,Excellent,DOCTOR,OTHERS,TWO
male,General,WA,SEBA,AHSEC,ENGLISH,Excellent,Excellent,OTHERS,HOUSE_WIFE,ONE
female,General,NO,CBSE,CBSE,ENGLISH,Excellent,Vg,OTHERS,HOUSE_WIFE,TWO
male,General,WA,SEBA,AHSEC,ENGLISH,Excellent,Excellent,OTHERS,HOUSE_WIFE,ONE
female,SC,NO,SEBA,AHSEC,ENGLISH,Excellent,Excellent,BUSINESS,HOUSE_WIFE,THREE
female,General,WA,SEBA,AHSEC,ENGLISH,Excellent,Excellent,OTHERS,OTHERS,TWO
female,General,WA,CBSE,CBSE,ENGLISH,Excellent,Good,BUSINESS,HOUSE_WIFE,ONE
male,General,WA,SEBA,AHSEC,ENGLISH,Vg,Vg,SCHOOL_TEACHER,SCHOOL_TEACHER,TWO
male,General,NO,SEBA,AHSEC,OTHERS,Excellent,Excellent,SCHOOL_TEACHER,HOUSE_WIFE,ONE
male,OBC,WA,CBSE,CBSE,ENGLISH,Excellent,Excellent,OTHERS,HOUSE_WIFE,TWO
male,General,WA,SEBA,AHSEC,ENGLISH,Excellent,Vg,OTHERS,HOUSE_WIFE,TWO
male,General,NO,SEBA,AHSEC,OTHERS,Good,Good,SCHOOL_TEACHER,HOUSE_WIFE,TWO
female,OBC,WA,SEBA,AHSEC,ASSAMESE,Excellent,Excellent,OTHERS,SCHOOL_TEACHER,ONE
male,SC,NO,CBSE,CBSE,ENGLISH,Excellent,Excellent,BUSINESS,HOUSE_WIFE,ONE
male,General,WA,SEBA,AHSEC,ENGLISH,Vg,Vg,BUSINESS,HOUSE_WIFE,TWO
male,OBC,WA,CBSE,CBSE,ENGLISH,Vg,Good,BUSINESS,HOUSE_WIFE,TWO
male,General,NO,SEBA,AHSEC,ENGLISH,Vg,Vg,OTHERS,HOUSE_WIFE,TWO
male,General,WA,CBSE,CBSE,ENGLISH,Excellent,Excellent,SCHOOL_TEACHER,SCHOOL_TEACHER,TWO
male,General,WA,SEBA,AHSEC,OTHERS,Vg,Vg,SCHOOL_TEACHER,HOUSE_WIFE,TWO
female,ST,WA,SEBA,AHSEC,OTHERS,Excellent,Excellent,SCHOOL_TEACHER,SCHOOL_TEACHER,ONE
female,General,NO,SEBA,AHSEC,ENGLISH,Excellent,Excellent,OTHERS,SCHOOL_TEACHER,ONE
female,OBC,NO,SEBA,AHSEC,ENGLISH,Excellent,Excellent,OTHERS,OTHERS,ONE
male,SC,NO,CBSE,CBSE,ENGLISH,Excellent,Vg,OTHERS,HOUSE_WIFE,THREE
male,OBC,WA,SEBA,AHSEC,ASSAMESE,Excellent,Vg,OTHERS,HOUSE_WIFE,TWO
female,OBC,WA,SEBA,AHSEC,ENGLISH,Excellent,Vg,OTHERS,HOUSE_WIFE,TWO
male,General,OA,CBSE,CBSE,ENGLISH,Excellent,Excellent,OTHERS,SCHOOL_TEACHER,TWO
male,General,NO,CBSE,CBSE,ENGLISH,Excellent,Excellent,OTHERS,HOUSE_WIFE,TWO
male,General,WA,CBSE,CBSE,ENGLISH,Excellent,Vg,BUSINESS,HOUSE_WIFE,TWO
male,SC,WA,CBSE,CBSE,ENGLISH,Excellent,Excellent,CULTIVATOR,HOUSE_WIFE,TWO
male,General,OA,CBSE,CBSE,ENGLISH,Excellent,Excellent,DOCTOR,SCHOOL_TEACHER,ONE
male,General,NO,CBSE,CBSE,ENGLISH,Excellent,Excellent,DOCTOR,HOUSE_WIFE,ONE
male,General,NO,SEBA,AHSEC,OTHERS,Vg,Vg,BUSINESS,HOUSE_WIFE,TWO
male,General,WA,SEBA,AHSEC,OTHERS,Vg,Good,SCHOOL_TEACHER,HOUSE_WIFE,FOUR
female,SC,WA,SEBA,AHSEC,ENGLISH,Excellent,Excellent,OTHERS,HOUSE_WIFE,TWO
male,OBC,WA,CBSE,CBSE,ENGLISH,Excellent,Excellent,OTHERS,HOUSE_WIFE,TWO
female,General,WA,SEBA,CBSE,ENGLISH,Excellent,Excellent,BUSINESS,HOUSE_WIFE,ONE
female,General,WA,CBSE,CBSE,ENGLISH,Excellent,Vg,OTHERS,OTHERS,TWO
female,General,WA,SEBA,CBSE,ENGLISH,Excellent,Excellent,OTHERS,HOUSE_WIFE,TWO
female,OBC,WA,SEBA,AHSEC,ENGLISH,Excellent,Excellent,OTHERS,OTHERS,TWO
male,General,WA,CBSE,CBSE,ENGLISH,Excellent,Excellent,BUSINESS,OTHERS,TWO
female,General,NO,SEBA,CBSE,ENGLISH,Excellent,Excellent,SCHOOL_TEACHER,SCHOOL_TEACHER,ONE
female,OBC,WA,SEBA,AHSEC,ENGLISH,Excellent,Vg,OTHERS,HOUSE_WIFE,TWO
male,General,NO,CBSE,CBSE,ENGLISH,Excellent,Vg,BUSINESS,HOUSE_WIFE,ONE
male,General,NO,SEBA,CBSE,ENGLISH,Excellent,Excellent,BUSINESS,HOUSE_WIFE,ONE
female,SC,WA,OTHERS,CBSE,ENGLISH,Excellent,Excellent,DOCTOR,HOUSE_WIFE,ONE
female,OBC,WA,SEBA,AHSEC,ENGLISH,Excellent,Excellent,DOCTOR,HOUSE_WIFE,ONE
female,General,NO,SEBA,CBSE,ENGLISH,Excellent,Vg,BUSINESS,HOUSE_WIFE,TWO
female,OBC,WA,SEBA,AHSEC,ENGLISH,Excellent,Vg,DOCTOR,SCHOOL_TEACHER,TWO
male,General,WA,CBSE,CBSE,ENGLISH,Vg,Good,OTHERS,HOUSE_WIFE,THREE
female,General,NO,SEBA,AHSEC,ENGLISH,Excellent,Excellent,OTHERS,SCHOOL_TEACHER,ONE
male,General,WA,SEBA,AHSEC,OTHERS,Vg,Vg,CULTIVATOR,HOUSE_WIFE,THREE
male,OBC,WA,SEBA,AHSEC,ASSAMESE,Excellent,Excellent,SCHOOL_TEACHER,SCHOOL_TEACHER,TWO
female,General,WA,OTHERS,CBSE,ENGLISH,Excellent,Excellent,BUSINESS,HOUSE_WIFE,ONE
male,General,WA,SEBA,AHSEC,OTHERS,Vg,Vg,SCHOOL_TEACHER,HOUSE_WIFE,THREE
female,General,NO,CBSE,CBSE,ENGLISH,Excellent,Good,BUSINESS,OTHERS,THREE
female,General,WA,CBSE,CBSE,ENGLISH,Excellent,Excellent,BUSINESS,SCHOOL_TEACHER,TWO
male,General,OA,CBSE,CBSE,ENGLISH,Excellent,Vg,SCHOOL_TEACHER,HOUSE_WIFE,TWO
female,ST,NO,SEBA,AHSEC,OTHERS,Excellent,Excellent,OTHERS,HOUSE_WIFE,ONE
female,OBC,OA,OTHERS,CBSE,ENGLISH,Excellent,Excellent,BUSINESS,HOUSE_WIFE,ONE
female,General,WA,CBSE,CBSE,ENGLISH,Excellent,Excellent,OTHERS,OTHERS,TWO
male,General,WA,SEBA,AHSEC,ASSAMESE,Excellent,Excellent,DOCTOR,SCHOOL_TEACHER,TWO
female,General,WA,CBSE,CBSE,ENGLISH,Excellent,Excellent,OTHERS,HOUSE_WIFE,TWO
female,SC,NO,SEBA,AHSEC,ENGLISH,Excellent,Excellent,SCHOOL_TEACHER,SCHOOL_TEACHER,ONE
female,General,WA,SEBA,AHSEC,OTHERS,Excellent,Excellent,OTHERS,HOUSE_WIFE,ONE
male,General,WA,SEBA,AHSEC,ENGLISH,Excellent,Vg,SCHOOL_TEACHER,SCHOOL_TEACHER,THREE
male,OBC,NO,SEBA,AHSEC,ENGLISH,Good,Vg,OTHERS,OTHERS,TWO
male,General,WA,SEBA,AHSEC,OTHERS,Vg,Excellent,SCHOOL_TEACHER,HOUSE_WIFE,TWO
male,General,WA,CBSE,CBSE,ENGLISH,Good,Good,SCHOOL_TEACHER,HOUSE_WIFE,THREE
male,SC,WA,SEBA,AHSEC,ASSAMESE,Excellent,Vg,SCHOOL_TEACHER,HOUSE_WIFE,TWO
male,General,WA,SEBA,AHSEC,OTHERS,Good,Vg,SCHOOL_TEACHER,OTHERS,TWO
male,General,NO,SEBA,AHSEC,OTHERS,Excellent,Excellent,SCHOOL_TEACHER,HOUSE_WIFE,ONE
female,General,WA,SEBA,AHSEC,ENGLISH,Excellent,Excellent,BUSINESS,HOUSE_WIFE,ONE
male,General,OA,CBSE,CBSE,ENGLISH,Excellent,Excellent,CULTIVATOR,HOUSE_WIFE,TWO
male,General,OA,CBSE,CBSE,ENGLISH,Excellent,Excellent,DOCTOR,SCHOOL_TEACHER,ONE
male,General,WA,SEBA,AHSEC,OTHERS,Vg,Excellent,OTHERS,SCHOOL_TEACHER,TWO
male,General,WA,CBSE,AHSEC,ENGLISH,Excellent,Excellent,SCHOOL_TEACHER,SCHOOL_TEACHER,TWO
female,OBC,NO,CBSE,CBSE,ENGLISH,Excellent,Vg,OTHERS,OTHERS,ONE
female,OBC,WA,SEBA,AHSEC,ASSAMESE,Excellent,Excellent,DOCTOR,HOUSE_WIFE,TWO
male,General,NO,CBSE,CBSE,ENGLISH,Excellent,Excellent,OTHERS,OTHERS,ONE
male,SC,WA,SEBA,AHSEC,OTHERS,Excellent,Excellent,OTHERS,HOUSE_WIFE,ONE
male,General,WA,SEBA,AHSEC,OTHERS,Vg,Vg,OTHERS,HOUSE_WIFE,TWO
male,General,WA,CBSE,CBSE,ENGLISH,Excellent,Excellent,OTHERS,HOUSE_WIFE,ONE
male,OBC,WA,SEBA,AHSEC,ENGLISH,Excellent,Excellent,OTHERS,HOUSE_WIFE,ONE
female,General,WA,CBSE,CBSE,ENGLISH,Excellent,Excellent,OTHERS,HOUSE_WIFE,TWO
male,OBC,NO,SEBA,AHSEC,OTHERS,Average,Good,OTHERS,HOUSE_WIFE,TWO
male,General,NO,CBSE,CBSE,ENGLISH,Excellent,Excellent,OTHERS,HOUSE_WIFE,ONE
female,OBC,WA,SEBA,AHSEC,ENGLISH,Vg,Vg,DOCTOR,HOUSE_WIFE,TWO
male,General,NO,CBSE,CBSE,ENGLISH,Excellent,Excellent,OTHERS,HOUSE_WIFE,ONE
male,OBC,WA,SEBA,AHSEC,ASSAMESE,Good,Average,OTHERS,HOUSE_WIFE,THREE
male,OBC,WA,CBSE,CBSE,ENGLISH,Excellent,Vg,OTHERS,SCHOOL_TEACHER,THREE
male,OBC,WA,CBSE,CBSE,ENGLISH,Excellent,Excellent,BUSINESS,HOUSE_WIFE,TWO
male,OBC,NO,CBSE,AHSEC,ASSAMESE,Vg,Good,SCHOOL_TEACHER,HOUSE_WIFE,THREE
female,OBC,WA,SEBA,CBSE,ENGLISH,Excellent,Vg,OTHERS,OTHERS,TWO
male,OBC,NO,SEBA,CBSE,ENGLISH,Excellent,Excellent,BUSINESS,HOUSE_WIFE,ONE
female,OBC,WA,SEBA,AHSEC,ASSAMESE,Excellent,Vg,BUSINESS,OTHERS,FOUR
female,OBC,WA,SEBA,AHSEC,ENGLISH,Vg,Vg,BUSINESS,HOUSE_WIFE,FOUR
female,OBC,WA,SEBA,AHSEC,ENGLISH,Excellent,Vg,OTHERS,HOUSE_WIFE,THREE
female,OBC,WA,SEBA,AHSEC,ASSAMESE,Excellent,Excellent,CULTIVATOR,SCHOOL_TEACHER,TWO
female,OBC,WA,SEBA,AHSEC,ASSAMESE,Excellent,Vg,OTHERS,SCHOOL_TEACHER,THREE
male,OBC,WA,SEBA,AHSEC,ENGLISH,Excellent,Good,SCHOOL_TEACHER,SCHOOL_TEACHER,ONE
male,OBC,NO,SEBA,AHSEC,ENGLISH,Excellent,Excellent,DOCTOR,OTHERS,ONE
male,OBC,WA,CBSE,CBSE,ENGLISH,Good,Excellent,OTHERS,HOUSE_WIFE,THREE
female,OBC,WA,SEBA,AHSEC,ENGLISH,Excellent,Excellent,OTHERS,SCHOOL_TEACHER,ONE
female,OBC,NO,SEBA,AHSEC,ENGLISH,Excellent,Excellent,SCHOOL_TEACHER,HOUSE_WIFE,ONE
female,OBC,OA,SEBA,AHSEC,ENGLISH,Excellent,Excellent,OTHERS,HOUSE_WIFE,TWO
female,OBC,WA,SEBA,AHSEC,ENGLISH,Excellent,Excellent,DOCTOR,HOUSE_WIFE,TWO
female,OBC,WA,CBSE,CBSE,ENGLISH,Excellent,Excellent,DOCTOR,HOUSE_WIFE,TWO
female,OBC,WA,SEBA,AHSEC,ENGLISH,Vg,Excellent,BUSINESS,HOUSE_WIFE,ONE
male,OBC,WA,CBSE,CBSE,ENGLISH,Excellent,Vg,BUSINESS,HOUSE_WIFE,THREE
female,OBC,WA,SEBA,AHSEC,ASSAMESE,Excellent,Excellent,SCHOOL_TEACHER,HOUSE_WIFE,TWO
male,OBC,WA,SEBA,AHSEC,ENGLISH,Excellent,Excellent,BUSINESS,HOUSE_WIFE,TWO
female,OBC,WA,SEBA,CBSE,ENGLISH,Excellent,Excellent,OTHERS,HOUSE_WIFE,ONE
male,OBC,WA,SEBA,AHSEC,ENGLISH,Vg,Good,OTHERS,HOUSE_WIFE,TWO
female,OBC,WA,SEBA,AHSEC,ASSAMESE,Excellent,Excellent,DOCTOR,HOUSE_WIFE,TWO
male,OBC,WA,CBSE,CBSE,ENGLISH,Excellent,Excellent,OTHERS,SCHOOL_TEACHER,ONE
female,OBC,NO,SEBA,AHSEC,ASSAMESE,Excellent,Vg,SCHOOL_TEACHER,HOUSE_WIFE,THREE
male,OBC,WA,CBSE,CBSE,ENGLISH,Excellent,Excellent,OTHERS,HOUSE_WIFE,TWO
female,OBC,NO,SEBA,AHSEC,ENGLISH,Excellent,Excellent,BUSINESS,HOUSE_WIFE,ONE
male,OBC,WA,SEBA,AHSEC,ASSAMESE,Vg,Good,BUSINESS,HOUSE_WIFE,THREE
male,OBC,OA,CBSE,CBSE,ENGLISH,Excellent,Excellent,DOCTOR,OTHERS,TWO
female,OBC,WA,SEBA,AHSEC,ASSAMESE,Excellent,Excellent,OTHERS,HOUSE_WIFE,TWO
male,OBC,WA,SEBA,AHSEC,ENGLISH,Vg,Vg,OTHERS,OTHERS,TWO
female,OBC,WA,SEBA,AHSEC,ENGLISH,Excellent,Excellent,OTHERS,HOUSE_WIFE,TWO
female,OBC,NO,SEBA,AHSEC,ASSAMESE,Vg,Good,OTHERS,HOUSE_WIFE,TWO
male,OBC,NO,CBSE,CBSE,ENGLISH,Excellent,Excellent,SCHOOL_TEACHER,HOUSE_WIFE,TWO
female,OBC,WA,CBSE,CBSE,ENGLISH,Excellent,Excellent,OTHERS,HOUSE_WIFE,ONE
male,OBC,WA,SEBA,AHSEC,ENGLISH,Excellent,Vg,BUSINESS,HOUSE_WIFE,TWO
male,OBC,NO,SEBA,AHSEC,ENGLISH,Vg,Vg,OTHERS,HOUSE_WIFE,TWO
male,OBC,WA,SEBA,CBSE,ENGLISH,Vg,Vg,BUSINESS,HOUSE_WIFE,ONE
male,OBC,WA,CBSE,CBSE,ENGLISH,Excellent,Good,OTHERS,OTHERS,THREE
male,OBC,NO,SEBA,AHSEC,OTHERS,Vg,Average,SCHOOL_TEACHER,HOUSE_WIFE,FOUR
female,OBC,NO,SEBA,AHSEC,ENGLISH,Excellent,Excellent,OTHERS,SCHOOL_TEACHER,ONE
male,OBC,WA,SEBA,AHSEC,ASSAMESE,Excellent,Vg,OTHERS,HOUSE_WIFE,TWO
male,OBC,NO,SEBA,AHSEC,ASSAMESE,Excellent,Excellent,BUSINESS,SCHOOL_TEACHER,TWO
female,SC,WA,CBSE,CBSE,ENGLISH,Excellent,Excellent,OTHERS,HOUSE_WIFE,THREE
male,SC,WA,SEBA,AHSEC,ENGLISH,Vg,Good,SCHOOL_TEACHER,HOUSE_WIFE,THREE
female,SC,WA,SEBA,AHSEC,ENGLISH,Excellent,Vg,BUSINESS,HOUSE_WIFE,TWO
female,SC,NO,SEBA,AHSEC,OTHERS,Excellent,Excellent,ENGINEER,HOUSE_WIFE,TWO
female,SC,OA,SEBA,AHSEC,ENGLISH,Excellent,Vg,OTHERS,HOUSE_WIFE,TWO
female,SC,WA,SEBA,AHSEC,ENGLISH,Vg,Vg,OTHERS,HOUSE_WIFE,THREE
male,SC,WA,CBSE,CBSE,ENGLISH,Excellent,Excellent,CULTIVATOR,HOUSE_WIFE,TWO
female,SC,NO,CBSE,CBSE,ENGLISH,Excellent,Excellent,ENGINEER,HOUSE_WIFE,TWO
female,SC,WA,CBSE,CBSE,ENGLISH,Excellent,Excellent,OTHERS,HOUSE_WIFE,TWO
female,SC,WA,SEBA,AHSEC,ENGLISH,Excellent,Excellent,BUSINESS,HOUSE_WIFE,THREE
male,SC,WA,SEBA,AHSEC,ASSAMESE,Good,Good,OTHERS,HOUSE_WIFE,ONE
female,SC,WA,SEBA,AHSEC,ENGLISH,Excellent,Excellent,OTHERS,HOUSE_WIFE,TWO
female,SC,WA,SEBA,AHSEC,ASSAMESE,Good,Good,SCHOOL_TEACHER,HOUSE_WIFE,THREE
female,SC,WA,SEBA,CBSE,ENGLISH,Excellent,Excellent,BUSINESS,HOUSE_WIFE,ONE
female,SC,WA,CBSE,CBSE,ENGLISH,Vg,Vg,BANK_OFFICIAL,OTHERS,THREE
female,SC,NO,SEBA,AHSEC,ASSAMESE,Excellent,Excellent,OTHERS,HOUSE_WIFE,ONE
female,SC,NO,SEBA,AHSEC,ASSAMESE,Average,Good,BUSINESS,HOUSE_WIFE,TWO
male,SC,NO,CBSE,CBSE,ENGLISH,Excellent,Excellent,OTHERS,HOUSE_WIFE,ONE
female,SC,NO,CBSE,CBSE,ENGLISH,Excellent,Excellent,OTHERS,OTHERS,TWO
female,SC,WA,SEBA,AHSEC,ENGLISH,Excellent,Vg,BUSINESS,HOUSE_WIFE,TWO
male,SC,WA,CBSE,CBSE,ENGLISH,Excellent,Excellent,OTHERS,HOUSE_WIFE,TWO
male,SC,WA,SEBA,AHSEC,ASSAMESE,Vg,Vg,CULTIVATOR,HOUSE_WIFE,TWO
male,SC,WA,CBSE,CBSE,ENGLISH,Excellent,Good,SCHOOL_TEACHER,OTHERS,TWO
male,SC,WA,SEBA,AHSEC,ENGLISH,Excellent,Excellent,BUSINESS,SCHOOL_TEACHER,TWO
female,SC,WA,SEBA,AHSEC,ENGLISH,Excellent,Vg,OTHERS,HOUSE_WIFE,TWO
male,SC,NO,SEBA,CBSE,ENGLISH,Excellent,Excellent,BUSINESS,HOUSE_WIFE,ONE
female,SC,WA,SEBA,AHSEC,OTHERS,Excellent,Vg,SCHOOL_TEACHER,HOUSE_WIFE,TWO
male,SC,NO,SEBA,AHSEC,ENGLISH,Excellent,Excellent,OTHERS,OTHERS,ONE
male,SC,NO,SEBA,AHSEC,ENGLISH,Vg,Vg,OTHERS,HOUSE_WIFE,TWO
female,SC,NO,SEBA,CBSE,ENGLISH,Vg,Vg,DOCTOR,SCHOOL_TEACHER,TWO
female,SC,WA,SEBA,AHSEC,OTHERS,Good,Good,SCHOOL_TEACHER,OTHERS,THREE
female,SC,WA,SEBA,CBSE,ENGLISH,Vg,Excellent,OTHERS,HOUSE_WIFE,TWO
female,SC,WA,SEBA,AHSEC,ENGLISH,Excellent,Vg,OTHERS,OTHERS,TWO
male,SC,WA,SEBA,AHSEC,ENGLISH,Excellent,Vg,OTHERS,SCHOOL_TEACHER,TWO
male,SC,WA,SEBA,AHSEC,ASSAMESE,Excellent,Vg,SCHOOL_TEACHER,HOUSE_WIFE,TWO
female,SC,WA,CBSE,CBSE,ENGLISH,Excellent,Excellent,ENGINEER,HOUSE_WIFE,ONE
male,SC,NO,SEBA,AHSEC,ENGLISH,Excellent,Excellent,BUSINESS,HOUSE_WIFE,ONE
male,SC,WA,SEBA,AHSEC,ASSAMESE,Excellent,Excellent,ENGINEER,HOUSE_WIFE,TWO
male,ST,WA,SEBA,AHSEC,ASSAMESE,Excellent,Excellent,SCHOOL_TEACHER,SCHOOL_TEACHER,TWO
female,ST,WA,CBSE,CBSE,ENGLISH,Excellent,Vg,BUSINESS,HOUSE_WIFE,TWO
female,ST,WA,SEBA,AHSEC,ENGLISH,Vg,Vg,BANK_OFFICIAL,HOUSE_WIFE,TWO
female,ST,WA,SEBA,CBSE,ENGLISH,Vg,Vg,BUSINESS,HOUSE_WIFE,TWO
male,ST,OA,CBSE,CBSE,ENGLISH,Excellent,Excellent,OTHERS,SCHOOL_TEACHER,TWO
male,ST,NO,CBSE,CBSE,ENGLISH,Excellent,Excellent,SCHOOL_TEACHER,SCHOOL_TEACHER,ONE
male,ST,NO,SEBA,AHSEC,ENGLISH,Vg,Vg,SCHOOL_TEACHER,SCHOOL_TEACHER,THREE
male,ST,WA,CBSE,CBSE,ENGLISH,Excellent,Vg,OTHERS,HOUSE_WIFE,TWO
female,ST,WA,CBSE,CBSE,ENGLISH,Excellent,Vg,OTHERS,SCHOOL_TEACHER,ONE
female,ST,WA,SEBA,CBSE,ENGLISH,Excellent,Excellent,DOCTOR,COLLEGE_TEACHER,TWO
female,ST,WA,SEBA,AHSEC,ENGLISH,Excellent,Excellent,OTHERS,HOUSE_WIFE,ONE
female,ST,WA,CBSE,CBSE,ENGLISH,Excellent,Excellent,OTHERS,HOUSE_WIFE,TWO
male,ST,WA,SEBA,AHSEC,ENGLISH,Good,Good,ENGINEER,SCHOOL_TEACHER,ONE
male,ST,WA,SEBA,CBSE,ENGLISH,Excellent,Excellent,OTHERS,HOUSE_WIFE,ONE
female,ST,WA,SEBA,AHSEC,ENGLISH,Excellent,Vg,SCHOOL_TEACHER,HOUSE_WIFE,TWO
male,ST,NO,CBSE,CBSE,ENGLISH,Excellent,Excellent,CULTIVATOR,HOUSE_WIFE,ONE
female,ST,WA,SEBA,AHSEC,ENGLISH,Vg,Vg,BANK_OFFICIAL,HOUSE_WIFE,TWO
male,ST,WA,CBSE,CBSE,ENGLISH,Excellent,Vg,CULTIVATOR,HOUSE_WIFE,TWO
female,ST,WA,CBSE,CBSE,ENGLISH,Excellent,Good,ENGINEER,BUSINESS,THREE
male,ST,WA,SEBA,AHSEC,ENGLISH,Excellent,Excellent,OTHERS,HOUSE_WIFE,TWO
male,ST,OA,CBSE,CBSE,ENGLISH,Excellent,Vg,BUSINESS,SCHOOL_TEACHER,TWO
female,ST,WA,SEBA,AHSEC,ENGLISH,Vg,Vg,DOCTOR,HOUSE_WIFE,TWO
female,ST,WA,CBSE,CBSE,ENGLISH,Vg,Vg,OTHERS,HOUSE_WIFE,TWO
female,ST,WA,SEBA,AHSEC,ENGLISH,Excellent,Excellent,SCHOOL_TEACHER,HOUSE_WIFE,TWO
male,ST,WA,CBSE,CBSE,ENGLISH,Excellent,Good,OTHERS,HOUSE_WIFE,TWO
female,ST,WA,OTHERS,OTHERS,ENGLISH,Excellent,Excellent,DOCTOR,COLLEGE_TEACHER,TWO
female,ST,WA,SEBA,AHSEC,ASSAMESE,Excellent,Vg,OTHERS,OTHERS,TWO
male,ST,OA,CBSE,CBSE,ENGLISH,Excellent,Excellent,OTHERS,HOUSE_WIFE,ONE
female,ST,NO,CBSE,CBSE,ENGLISH,Excellent,Excellent,BANK_OFFICIAL,HOUSE_WIFE,TWO
male,ST,WA,SEBA,AHSEC,ASSAMESE,Excellent,Vg,BANK_OFFICIAL,HOUSE_WIFE,TWO
female,ST,WA,SEBA,AHSEC,OTHERS,Average,Vg,OTHERS,HOUSE_WIFE,ONE
male,ST,NO,SEBA,AHSEC,ENGLISH,Excellent,Excellent,OTHERS,OTHERS,ONE
female,ST,WA,CBSE,CBSE,ENGLISH,Excellent,Good,ENGINEER,HOUSE_WIFE,TWO
male,ST,WA,CBSE,CBSE,ENGLISH,Excellent,Excellent,CULTIVATOR,HOUSE_WIFE,TWO
male,ST,WA,SEBA,AHSEC,ASSAMESE,Excellent,Excellent,CULTIVATOR,HOUSE_WIFE,TWO
female,ST,WA,SEBA,AHSEC,ENGLISH,Vg,Average,OTHERS,HOUSE_WIFE,THREE
male,ST,NO,CBSE,CBSE,ENGLISH,Vg,Good,CULTIVATOR,HOUSE_WIFE,TWO
male,ST,WA,SEBA,AHSEC,ENGLISH,Average,Good,OTHERS,HOUSE_WIFE,ONE
female,ST,OA,CBSE,CBSE,ENGLISH,Excellent,Vg,OTHERS,HOUSE_WIFE,TWO
female,ST,WA,CBSE,CBSE,ENGLISH,Excellent,Vg,BANK_OFFICIAL,HOUSE_WIFE,THREE
female,ST,WA,SEBA,AHSEC,ASSAMESE,Excellent,Excellent,SCHOOL_TEACHER,SCHOOL_TEACHER,TWO
male,ST,OA,CBSE,CBSE,ENGLISH,Vg,Excellent,OTHERS,HOUSE_WIFE,THREE
female,ST,WA,SEBA,AHSEC,ENGLISH,Excellent,Vg,OTHERS,HOUSE_WIFE,TWO
female,ST,WA,SEBA,AHSEC,ENGLISH,Excellent,Vg,COLLEGE_TEACHER,HOUSE_WIFE,TWO
female,ST,WA,SEBA,AHSEC,ENGLISH,Excellent,Good,SCHOOL_TEACHER,HOUSE_WIFE,TWO
male,ST,WA,CBSE,CBSE,ENGLISH,Excellent,Vg,SCHOOL_TEACHER,HOUSE_WIFE,TWO
male,ST,NO,SEBA,AHSEC,ENGLISH,Average,Average,OTHERS,HOUSE_WIFE,ONE
male,ST,NO,CBSE,CBSE,ENGLISH,Excellent,Good,OTHERS,HOUSE_WIFE,THREE
male,ST,NO,SEBA,AHSEC,ASSAMESE,Vg,Good,CULTIVATOR,HOUSE_WIFE,ONE
female,ST,WA,SEBA,AHSEC,ENGLISH,Excellent,Vg,OTHERS,HOUSE_WIFE,TWO
female,ST,WA,SEBA,AHSEC,ENGLISH,Vg,Vg,OTHERS,HOUSE_WIFE,TWO
male,ST,NO,SEBA,AHSEC,ENGLISH,Good,Vg,OTHERS,HOUSE_WIFE,ONE
male,ST,WA,SEBA,AHSEC,ENGLISH,Vg,Vg,SCHOOL_TEACHER,HOUSE_WIFE,TWO
male,ST,WA,CBSE,CBSE,ENGLISH,Excellent,Vg,OTHERS,HOUSE_WIFE,TWO
male,ST,WA,CBSE,CBSE,ENGLISH,Excellent,Vg,OTHERS,HOUSE_WIFE,TWO
male,ST,WA,SEBA,AHSEC,ENGLISH,Excellent,Good,OTHERS,HOUSE_WIFE,TWO
male,ST,NO,CBSE,CBSE,ENGLISH,Excellent,Excellent,SCHOOL_TEACHER,HOUSE_WIFE,ONE
female,ST,WA,CBSE,CBSE,ENGLISH,Excellent,Excellent,ENGINEER,OTHERS,ONE
male,ST,NO,CBSE,CBSE,ENGLISH,Excellent,Excellent,OTHERS,HOUSE_WIFE,THREE
female,ST,WA,SEBA,AHSEC,ENGLISH,Excellent,Vg,CULTIVATOR,OTHERS,TWO
female,ST,WA,CBSE,CBSE,ENGLISH,Excellent,Excellent,OTHERS,HOUSE_WIFE,TWO
female,ST,WA,CBSE,CBSE,ENGLISH,Excellent,Vg,ENGINEER,HOUSE_WIFE,TWO
female,ST,WA,CBSE,CBSE,ENGLISH,Excellent,Good,OTHERS,HOUSE_WIFE,TWO
male,ST,WA,CBSE,CBSE,ENGLISH,Vg,Vg,OTHERS,HOUSE_WIFE,TWO
male,ST,OA,CBSE,CBSE,ENGLISH,Excellent,Vg,CULTIVATOR,HOUSE_WIFE,TWO
female,ST,WA,SEBA,AHSEC,ENGLISH,Excellent,Excellent,SCHOOL_TEACHER,SCHOOL_TEACHER,ONE
male,ST,NO,SEBA,AHSEC,ENGLISH,Average,Good,BUSINESS,HOUSE_WIFE,TWO
male,ST,NO,SEBA,AHSEC,ASSAMESE,Average,Average,CULTIVATOR,HOUSE_WIFE,ONE
male,ST,NO,SEBA,AHSEC,ENGLISH,Excellent,Excellent,DOCTOR,HOUSE_WIFE,ONE
male,ST,OA,CBSE,CBSE,ENGLISH,Vg,Excellent,SCHOOL_TEACHER,OTHERS,ONE
male,ST,WA,CBSE,CBSE,ENGLISH,Excellent,Vg,ENGINEER,HOUSE_WIFE,ONE
male,ST,WA,SEBA,AHSEC,ENGLISH,Good,Good,OTHERS,HOUSE_WIFE,TWO
male,ST,WA,SEBA,AHSEC,ENGLISH,Excellent,Excellent,OTHERS,OTHERS,ONE
female,ST,NO,CBSE,CBSE,ENGLISH,Excellent,Excellent,OTHERS,DOCTOR,ONE
female,ST,WA,SEBA,AHSEC,ENGLISH,Excellent,Vg,OTHERS,SCHOOL_TEACHER,TWO
male,ST,WA,CBSE,AHSEC,ENGLISH,Good,Good,OTHERS,SCHOOL_TEACHER,TWO
female,ST,WA,SEBA,AHSEC,ENGLISH,Vg,Good,ENGINEER,HOUSE_WIFE,ONE
male,ST,WA,SEBA,AHSEC,ENGLISH,Vg,Vg,OTHERS,HOUSE_WIFE,TWO
male,ST,NO,SEBA,AHSEC,ENGLISH,Good,Average,CULTIVATOR,HOUSE_WIFE,THREE
female,ST,WA,OTHERS,OTHERS,ENGLISH,Vg,Vg,SCHOOL_TEACHER,HOUSE_WIFE,TWO
female,ST,WA,SEBA,AHSEC,ENGLISH,Vg,Vg,OTHERS,SCHOOL_TEACHER,ONE
male,ST,WA,CBSE,CBSE,ENGLISH,Vg,Vg,BANK_OFFICIAL,HOUSE_WIFE,THREE
female,ST,WA,SEBA,AHSEC,ENGLISH,Vg,Vg,BUSINESS,DOCTOR,ONE
female,ST,WA,SEBA,AHSEC,ASSAMESE,Vg,Good,CULTIVATOR,HOUSE_WIFE,FOUR
male,ST,NO,SEBA,AHSEC,ENGLISH,Average,Good,BUSINESS,OTHERS,ONE
male,ST,WA,SEBA,AHSEC,ENGLISH,Good,Good,OTHERS,SCHOOL_TEACHER,TWO
male,ST,WA,SEBA,AHSEC,ENGLISH,Vg,Good,OTHERS,HOUSE_WIFE,TWO
female,ST,WA,SEBA,AHSEC,ENGLISH,Good,Good,SCHOOL_TEACHER,HOUSE_WIFE,THREE
male,ST,WA,SEBA,AHSEC,ENGLISH,Good,Good,SCHOOL_TEACHER,HOUSE_WIFE,THREE
female,ST,OA,OTHERS,OTHERS,ENGLISH,Good,Good,CULTIVATOR,HOUSE_WIFE,THREE
female,ST,WA,SEBA,AHSEC,ENGLISH,Good,Good,OTHERS,HOUSE_WIFE,TWO
female,ST,NO,SEBA,AHSEC,ENGLISH,Average,Average,SCHOOL_TEACHER,HOUSE_WIFE,THREE
male,ST,WA,CBSE,CBSE,ENGLISH,Excellent,Excellent,OTHERS,SCHOOL_TEACHER,ONE
female,ST,WA,SEBA,AHSEC,ENGLISH,Vg,Vg,OTHERS,OTHERS,TWO
male,ST,NO,SEBA,AHSEC,ENGLISH,Vg,Vg,CULTIVATOR,OTHERS,ONE
female,ST,WA,CBSE,AHSEC,ENGLISH,Excellent,Good,BUSINESS,HOUSE_WIFE,TWO
female,ST,WA,SEBA,AHSEC,ENGLISH,Excellent,Vg,OTHERS,OTHERS,TWO
female,ST,NO,SEBA,AHSEC,ENGLISH,Vg,Good,BUSINESS,SCHOOL_TEACHER,ONE
female,ST,WA,SEBA,CBSE,ENGLISH,Good,Vg,DOCTOR,SCHOOL_TEACHER,TWO
female,ST,WA,SEBA,AHSEC,ENGLISH,Good,Vg,OTHERS,HOUSE_WIFE,ONE
male,ST,WA,SEBA,AHSEC,ENGLISH,Vg,Good,CULTIVATOR,HOUSE_WIFE,THREE
male,ST,WA,SEBA,CBSE,ENGLISH,Good,Vg,OTHERS,SCHOOL_TEACHER,TWO
male,ST,WA,SEBA,AHSEC,ENGLISH,Good,Good,SCHOOL_TEACHER,HOUSE_WIFE,THREE
female,ST,NO,SEBA,CBSE,ENGLISH,Vg,Good,BUSINESS,OTHERS,ONE
